id,name
user_aarav_sharma,Aarav Sharma
user_ananya_pillai,Ananya Pillai
user_kavya_patil,Kavya Patil
user_kunal_verma,Kunal Verma
user_manav_jain,Manav Jain
user_riya_singh,Riya Singh
user_rohan_mehta,Rohan Mehta
user_siddharth_rao,Siddharth Rao
user_sneha_gupta,Sneha Gupta
user_tanvi_desai,Tanvi Desai
